{"version": "0.4.5", "settings_version": "0.4.3", "type": "rendering", "profile": {"name": "Disabled", "description": "No timelapse will be generated, but all snapshots will be in the Octolapse data directory and can be downloaded and manually rendered.", "guid": "35aababf-0ecf-46d5-b142-6290d38c8fea", "automatic_configuration": {"key_values": [{"name": "Disabled (for manual rendering)", "value": "disabled"}], "version": "1.1", "suppress_update_notification_version": false, "is_custom": false}, "enabled": false, "fps_calculation_type": "duration", "run_length_seconds": 5, "fps": 30, "max_fps": 120.0, "min_fps": 2.0, "output_format": "mp4", "sync_with_timelapse": true, "bitrate": "10000k", "constant_rate_factor": 28, "post_roll_seconds": 0, "pre_roll_seconds": 0, "output_template": "{FAILEDFLAG}{FAILEDSEPARATOR}{GCODEFILENAME}_{PRINTENDTIME}", "enable_watermark": false, "selected_watermark": "", "overlay_text_template": "", "overlay_font_path": "", "overlay_font_size": 10, "overlay_text_pos": "[0,0]", "overlay_text_alignment": "left", "overlay_text_valign": "top", "overlay_text_halign": "left", "overlay_text_color": [255, 255, 255, 1], "overlay_outline_color": [0, 0, 0, 1], "overlay_outline_width": 1, "thread_count": 1, "archive_snapshots": false}}